{"Train Loss": 2.9848935191829997, "Validation Loss": 3.08968495987443, "_timestamp": 1654345709, "_runtime": 4200, "_step": 7}