{"Train Loss": 2.602389351526896, "Validation Loss": 2.5927484926225244, "_timestamp": 1654340454, "_runtime": 3225, "_step": 5}